<?xml version="1.0" encoding="UTF-8"?>
<window>
    <controls>
        <!-- Background -->
        <control type="image">
            <left>0</left>
            <top>0</top>
            <width>1920</width>
            <height>1080</height>
            <texture colordiffuse="FF000000">fen_common/white.png</texture>
            <animation type="WindowOpen" reversible="false">
                <effect type="fade" start="0" end="80" time="120" />
            </animation>
        </control>
        <!-- Colors Panel -->
        <control type="group">
            <left>130</left>
            <top>70</top>
            <animation type="WindowOpen" reversible="false">
                <effect type="fade" end="100" time="200" />
            </animation>
            <control type="group">
                <control type="image">
                    <left>-1</left>
                    <top>-1</top>
                    <width>1662</width>
                    <height>942</height>
                    <texture border="16" colordiffuse="Window(10000).Property(fen.highlight)">fen_common/dialog.png</texture>
                </control>
                <control type="image">
                    <width>1660</width>
                    <height>940</height>
                    <texture border="16" colordiffuse="FF302F2F">fen_common/dialog.png</texture>
                </control>
                <control type="image">
                    <left>10</left>
                    <top>10</top>
                    <width>45</width>
                    <height>45</height>
                    <align>left</align>
                    <aligny>top</aligny>
                    <aspectratio aligny="top">keep</aspectratio>
                    <texture colordiffuse="FFCCCCCC">fen_common/fen.png</texture>
                </control>
                <control type="label">
                    <top>20</top>
                    <left>5</left>
                    <width max="1650">auto</width>
                    <height>20</height>
                    <font>font_midi</font> <!-- FEN_33 -->
                    <textcolor>FFCCCCCC</textcolor>
                    <align>center</align>
                    <aligny>center</aligny>
                    <label>[B]$ADDON[plugin.video.fen 33106][/B]</label>
                </control>
            </control>
            <!-- Color picker panel -->
            <control type="panel" id="2000">
                <animation effect="slide" end="0,80" time="0" reversible="true" condition="String.IsEqual(Window.Property(current_palette),basic)">Conditional</animation>
                <animation effect="slide" end="0,40" time="0" reversible="true" condition="String.IsEqual(Window.Property(current_palette),rainbow)">Conditional</animation>
                <left>30</left>
                <top>75</top>
                <width>1365</width>
                <height>840</height>
                <orientation>vertical</orientation>
                <itemlayout height="75" width="97" condition="String.IsEqual(Window.Property(current_palette),basic)">
                    <control type="image">
                        <left>0</left>
                        <top>0</top>
                        <width>93</width>
                        <height>71</height>
                        <texture>$INFO[ListItem.Property(image)]</texture>
                    </control>
                </itemlayout>
                <focusedlayout height="75" width="97" condition="String.IsEqual(Window.Property(current_palette),basic)">
                    <control type="group">
                        <animation effect="zoom" time="100" tween="sine" easing="inout" start="100" end="120" center="auto">Focus</animation>
                        <control type="image">
                            <left>0</left>
                            <top>0</top>
                            <width>97</width>
                            <height>75</height>
                            <texture colordiffuse="FF302F2F">fen_common/white.png</texture>
                        </control>
                        <control type="image">
                            <left>2</left>
                            <top>2</top>
                            <width>93</width>
                            <height>71</height>
                            <texture>$INFO[ListItem.Property(image)]</texture>
                        </control>
                    </control>
                </focusedlayout>
                <itemlayout height="44" width="97" condition="String.IsEqual(Window.Property(current_palette),material_design)">
                    <control type="image">
                        <left>0</left>
                        <top>0</top>
                        <width>93</width>
                        <height>40</height>
                        <texture>$INFO[ListItem.Property(image)]</texture>
                    </control>
                </itemlayout>
                <focusedlayout height="44" width="97" condition="String.IsEqual(Window.Property(current_palette),material_design)">
                    <control type="group">
                        <animation effect="zoom" time="100" tween="sine" easing="inout" start="100" end="120" center="auto">Focus</animation>
                        <control type="image">
                            <left>0</left>
                            <top>0</top>
                            <width>97</width>
                            <height>44</height>
                            <texture colordiffuse="FF302F2F">fen_common/white.png</texture>
                        </control>
                        <control type="image">
                            <left>2</left>
                            <top>2</top>
                            <width>93</width>
                            <height>40</height>
                            <texture>$INFO[ListItem.Property(image)]</texture>
                        </control>
                    </control>
                </focusedlayout>
                <itemlayout height="44" width="44" condition="String.IsEqual(Window.Property(current_palette),webcolors) | String.IsEqual(Window.Property(current_palette),rainbow)">
                    <control type="image">
                        <left>0</left>
                        <top>0</top>
                        <width>40</width>
                        <height>40</height>
                        <texture>$INFO[ListItem.Property(image)]</texture>
                    </control>
                </itemlayout>
                <focusedlayout height="44" width="44" condition="String.IsEqual(Window.Property(current_palette),webcolors) | String.IsEqual(Window.Property(current_palette),rainbow)">
                    <control type="group">
                        <animation effect="zoom" time="100" tween="sine" easing="inout" start="100" end="140" center="auto">Focus</animation>
                        <control type="image">
                            <left>0</left>
                            <top>0</top>
                            <width>44</width>
                            <height>44</height>
                            <texture colordiffuse="FF302F2F">fen_common/white.png</texture>
                        </control>
                        <control type="image">
                            <left>2</left>
                            <top>2</top>
                            <width>40</width>
                            <height>40</height>
                            <texture>$INFO[ListItem.Property(image)]</texture>
                        </control>
                    </control>
                </focusedlayout>
            </control>
            <!-- Buttons -->
            <control type="group">
                <left>1405</left>
                <top>197</top>
                <control type="button" id="10">
                    <description>OK</description>
                    <width>240</width>
                    <height>60</height>
                    <onup>13</onup>
                    <ondown>11</ondown>
                    <onleft>2000</onleft>
                    <onright>2000</onright>
                    <label>$ADDON[plugin.video.fen 32839]</label>
                    <font>font_mini</font> <!-- FEN_26 -->
                    <textcolor>FFB7B4BB</textcolor>
                    <focusedcolor>FF302F2F</focusedcolor>
                    <texturefocus colordiffuse="FFB7B4BB" border="30">fen_common/circle.png</texturefocus>
                    <texturenofocus colordiffuse="FF4a4347" border="30">fen_common/circle.png</texturenofocus>
                    <align>center</align>
                </control>
                <control type="button" id="11">
                    <description>Cancel</description>
                    <top>80</top>
                    <width>240</width>
                    <height>60</height>
                    <onup>10</onup>
                    <ondown>12</ondown>
                    <onleft>2000</onleft>
                    <onright>2000</onright>
                    <label>$ADDON[plugin.video.fen 32840]</label>
                    <font>font_mini</font> <!-- FEN_26 -->
                    <textcolor>FFB7B4BB</textcolor>
                    <focusedcolor>FF302F2F</focusedcolor>
                    <texturefocus colordiffuse="FFB7B4BB" border="30">fen_common/circle.png</texturefocus>
                    <texturenofocus colordiffuse="FF4a4347" border="30">fen_common/circle.png</texturenofocus>
                    <align>center</align>
                </control>
                <control type="label">
                    <top>200</top>
                    <width>240</width>
                    <height>30</height>
                    <align>center</align>
                    <aligny>bottom</aligny>
                    <textcolor>white</textcolor>
                    <shadowcolor>black</shadowcolor>
                    <font>font_mini</font> <!-- FEN_26 -->
                    <label>[B]$ADDON[plugin.video.fen 33156][/B]</label>
                </control>
                <control type="button" id="12">
                    <description>Input Value Choice</description>
                    <top>240</top>
                    <width>240</width>
                    <height>60</height>
                    <onup>11</onup>
                    <ondown>13</ondown>
                    <onleft>2000</onleft>
                    <onright>2000</onright>
                    <label>[COLOR=$INFO[Container(2000).ListItem.Property(label)]]$INFO[Container(2000).ListItem.Property(label)][/COLOR]</label>
                    <font>font_mini</font> <!-- FEN_26 -->
                    <texturefocus colordiffuse="FFB7B4BB" border="30">fen_common/circle.png</texturefocus>
                    <texturenofocus colordiffuse="FF4a4347" border="30">fen_common/circle.png</texturenofocus>
                    <align>center</align>
                </control>
                <control type="image">
                    <left>5</left>
                    <top>320</top>
                    <width>240</width>
                    <height>100</height>
                    <aspectratio>stretch</aspectratio>
                    <texture diffuse="fen_diffuse/landscape_w284_h160.png">$INFO[Container(2000).ListItem.Property(image)]</texture>
                </control>
                <control type="label">
                    <top>480</top>
                    <width>240</width>
                    <height>30</height>
                    <align>center</align>
                    <aligny>bottom</aligny>
                    <textcolor>white</textcolor>
                    <shadowcolor>black</shadowcolor>
                    <font>font_mini</font> <!-- FEN_26 -->
                    <label>[B]$ADDON[plugin.video.fen 33157][/B]</label>
                </control>
                <control type="button" id="13">
                    <description>Color Palette Choice</description>
                    <top>520</top>
                    <width>240</width>
                    <height>60</height>
                    <onup>12</onup>
                    <ondown>10</ondown>
                    <onleft>2000</onleft>
                    <onright>2000</onright>
                    <label>$INFO[Window.Property(current_palette_name)]</label>
                    <font>font_mini</font> <!-- FEN_26 -->
                    <textcolor>FFB7B4BB</textcolor>
                    <focusedcolor>FF302F2F</focusedcolor>
                    <texturefocus colordiffuse="FFB7B4BB" border="30">fen_common/circle.png</texturefocus>
                    <texturenofocus colordiffuse="FF4a4347" border="30">fen_common/circle.png</texturenofocus>
                    <align>center</align>
                </control>
            </control>
        </control>
    </controls>
</window>